/*
SQLyog Community v13.2.0 (64 bit)
MySQL - 10.4.28-MariaDB : Database - tarjetas
*********************************************************************
*/

/*!40101 SET NAMES utf8 */;

/*!40101 SET SQL_MODE=''*/;

/*!40014 SET @OLD_UNIQUE_CHECKS=@@UNIQUE_CHECKS, UNIQUE_CHECKS=0 */;
/*!40014 SET @OLD_FOREIGN_KEY_CHECKS=@@FOREIGN_KEY_CHECKS, FOREIGN_KEY_CHECKS=0 */;
/*!40101 SET @OLD_SQL_MODE=@@SQL_MODE, SQL_MODE='NO_AUTO_VALUE_ON_ZERO' */;
/*!40111 SET @OLD_SQL_NOTES=@@SQL_NOTES, SQL_NOTES=0 */;
CREATE DATABASE /*!32312 IF NOT EXISTS*/`tarjetas` /*!40100 DEFAULT CHARACTER SET utf8mb4 COLLATE utf8mb4_general_ci */;

USE `tarjetas`;

/*Table structure for table `areas` */

DROP TABLE IF EXISTS `areas`;

CREATE TABLE `areas` (
  `id_area` int(11) NOT NULL AUTO_INCREMENT,
  `are_nombre` varchar(45) NOT NULL,
  PRIMARY KEY (`id_area`)
) ENGINE=InnoDB AUTO_INCREMENT=11 DEFAULT CHARSET=utf8 COLLATE=utf8_spanish_ci;

/*Data for the table `areas` */

insert  into `areas`(`id_area`,`are_nombre`) values 
(1,'CAJA'),
(2,'COMERCIAL'),
(3,'CARTERA'),
(4,'CONTABILIDAD'),
(5,'COMPRAS'),
(6,'INVENTARIOS'),
(7,'TESORERIA'),
(8,'PROCESOS'),
(9,'RRHH'),
(10,'SISTEMAS');

/*Table structure for table `auditoria` */

DROP TABLE IF EXISTS `auditoria`;

CREATE TABLE `auditoria` (
  `id_auditoria` int(11) NOT NULL,
  `aud_difbanco` float DEFAULT NULL,
  `aud_difrtefte` float DEFAULT NULL,
  `aud_difrteiva` float DEFAULT NULL,
  `aud_difretica` float DEFAULT NULL,
  `aud_difretcom` float DEFAULT NULL,
  `aud_fecope` float DEFAULT NULL,
  PRIMARY KEY (`id_auditoria`)
) ENGINE=InnoDB DEFAULT CHARSET=utf8mb4 COLLATE=utf8mb4_general_ci;

/*Data for the table `auditoria` */

/*Table structure for table `personas` */

DROP TABLE IF EXISTS `personas`;

CREATE TABLE `personas` (
  `id_persona` int(11) NOT NULL AUTO_INCREMENT,
  `id_operador` int(11) NOT NULL,
  `per_cladoc` varchar(45) NOT NULL,
  `per_docume` varchar(45) NOT NULL,
  `per_nombre` varchar(45) NOT NULL,
  `per_telefono` varchar(45) NOT NULL,
  `per_corper` varchar(45) NOT NULL,
  `per_corcop` varchar(45) NOT NULL,
  `per_estado` varchar(45) NOT NULL DEFAULT '1',
  `per_fecope` timestamp NOT NULL DEFAULT current_timestamp(),
  `per_fecupd` timestamp NOT NULL DEFAULT current_timestamp() ON UPDATE current_timestamp(),
  PRIMARY KEY (`id_persona`)
) ENGINE=InnoDB AUTO_INCREMENT=79 DEFAULT CHARSET=utf8 COLLATE=utf8_spanish_ci;

/*Data for the table `personas` */

insert  into `personas`(`id_persona`,`id_operador`,`per_cladoc`,`per_docume`,`per_nombre`,`per_telefono`,`per_corper`,`per_corcop`,`per_estado`,`per_fecope`,`per_fecupd`) values 
(1,1,'CEDULA','1082882409','ACEVEDO GOMEZ ELIZABETH','3117721662','ELIZABETHACEVEDOGOMEZ0@GMAIL.COM','eacevedo@metropolisdelacosta.com','1','0000-00-00 00:00:00','0000-00-00 00:00:00'),
(2,1,'CEDULA','1007900088','ADARRAGA BERDUGO LAURA VANESSA','3002950778','lauraadarraga5@gmail.com','rrhha@metropolisdelacosta.com','1','0000-00-00 00:00:00','0000-00-00 00:00:00'),
(3,1,'NIT MIXTO','1128194021','ALBOR CORONADO JULIETH PAOLA','3004801667','juliethalbor17@gmail.com','cartera@metropolisdelacosta.com','1','0000-00-00 00:00:00','0000-00-00 00:00:00'),
(4,1,'CEDULA','1082918441','ALTAMIRANDA ATENCIO JUSETH DAVID','3024078342','jusethaltamiranda@gmail.com','','1','0000-00-00 00:00:00','0000-00-00 00:00:00'),
(5,1,'CEDULA','1193046592','APARICIO SUAREZ MAYRA ALEJANDRA','','','','1','0000-00-00 00:00:00','0000-00-00 00:00:00'),
(6,1,'CEDULA','12636992','ARENAS CABALLERO EDWIN ENRIQUE','3012222093 -  3046065421',' edwinarenas432@gmail.com','','1','0000-00-00 00:00:00','0000-00-00 00:00:00'),
(7,1,'CEDULA','1083040752','ARIAS DAVILA IVAN EDUARDO','3205786310','ivaneduarias@gmail.com','','1','0000-00-00 00:00:00','0000-00-00 00:00:00'),
(8,1,'CEDULA','1083458463','ARIZA HERRERA JHONATAN SEGUNDO','3043897980','jhonatanariza831@gmail.com','','1','0000-00-00 00:00:00','0000-00-00 00:00:00'),
(9,1,'CEDULA','1082891362','ARRIETA ALENDRALES LILIANA PAOLA','3104485096','lili_240189@hotmail.com','','1','0000-00-00 00:00:00','0000-00-00 00:00:00'),
(10,1,'CEDULA','1045689957','ARRIETA BLANCO FABIAN ANDRES','3013996994','f.arrieta@outlook.com','','1','0000-00-00 00:00:00','0000-00-00 00:00:00'),
(11,1,'CEDULA','63484295','BAUTISTA SANCHEZ CONSUELO','3013866172','consuelobs2010@hotmail.com','','1','0000-00-00 00:00:00','0000-00-00 00:00:00'),
(12,1,'CEDULA DE EXTRANJERIA','5293593','BRACHO MELENDEZ FRANCISCO JAVIER','','fjbm31122002@hotmail.com','','1','0000-00-00 00:00:00','0000-00-00 00:00:00'),
(13,1,'CEDULA','1080420940','BENAVIDES JIMENEZ KATIANA MARCELA','3023596694','kattyb727@gmail.com','','1','0000-00-00 00:00:00','0000-00-00 00:00:00'),
(14,1,'CEDULA','7630377','BLANCO VACCA EFRAIN','3106611098','efrainblancovaca@gmail.com','','1','0000-00-00 00:00:00','0000-00-00 00:00:00'),
(15,1,'CEDULA','12629264','CABRERA GARCIA NELSON DE JESUS','3103649392','nelsoncabrera2612@gmail.com','','1','0000-00-00 00:00:00','0000-00-00 00:00:00'),
(16,1,'CEDULA','1082933322','CABRERA JIMENEZ VALENTINA BEATRIZ','3022667395','valentinabcj@gmail.com','','1','0000-00-00 00:00:00','0000-00-00 00:00:00'),
(17,1,'CEDULA','1193534792','CABRERA MERI?O GLADYS MARIA','3042259671','cabreragladys347@gmail.com','','1','0000-00-00 00:00:00','0000-00-00 00:00:00'),
(18,1,'CEDULA','8645287','CANTILLO POLO CARLOS','3042983540','cantillopolocarlos2022@gmail.com','','1','0000-00-00 00:00:00','0000-00-00 00:00:00'),
(19,1,'CEDULA','1004378842','CAMELO MARTINEZ IVAN RENE','3012907761','ivanrenecamelo10@gmail.com','','1','0000-00-00 00:00:00','0000-00-00 00:00:00'),
(20,1,'CEDULA','63489474','CARRE?O ARDILA SONIA PATRICIA','3004857482','soniapa.mauro@gmail.com','','1','0000-00-00 00:00:00','0000-00-00 00:00:00'),
(21,1,'CEDULA','85477152','CARRILLO BARBOSA EVER','3006153905','evercarrillo360@gmail.com','','1','0000-00-00 00:00:00','0000-00-00 00:00:00'),
(22,1,'CEDULA','12635706','CASAS CASAS FAIBER ARNOL','3202353075','FAIBERCASAS@GMAIL.COM','','1','0000-00-00 00:00:00','0000-00-00 00:00:00'),
(23,1,'CEDULA','84456361','CASAS CRUZ JUAN CARLOS','4205640 - 3108297983','jcc_va@hotmail.com','','1','0000-00-00 00:00:00','0000-00-00 00:00:00'),
(24,1,'CEDULA','7629951','CASTRO CASTRO OSVALDIR','3166402332/4229130','familicastro2014@hotmail.com','','1','0000-00-00 00:00:00','0000-00-00 00:00:00'),
(25,1,'CEDULA','1124048121','CRUZATE GONZALEZ JAN CARLOS','3008081677','jeankrlos1994@outlook.es','','1','0000-00-00 00:00:00','0000-00-00 00:00:00'),
(26,1,'CEDULA','1082855203','CHIQUILLO ACU?A DAYANIS LILIBETH ','3022868255','dayanisjin@gmail.com','','1','0000-00-00 00:00:00','0000-00-00 00:00:00'),
(27,1,'CEDULA','19597263','DE AVILA VEGA YERALDO DE JESUS','3106229835','yeraldodeavilavega73@gmail.com','','1','0000-00-00 00:00:00','0000-00-00 00:00:00'),
(28,1,'CEDULA','1129575575','DE LA CRUZ ALCALA PAUL','3004646807','mansivo@gmail.com','','1','0000-00-00 00:00:00','0000-00-00 00:00:00'),
(29,1,'CEDULA','1221975835','DURAN BUELVAS BRANDON JOSE','3125624611','bjdbbrandon@gmail.com','','1','0000-00-00 00:00:00','0000-00-00 00:00:00'),
(30,1,'CEDULA DE EXTRANJERIA','1495618','ELLES MONTES RODOLFO ANDRES ','3017332140','rodolfo.re59@gmail.com','','1','0000-00-00 00:00:00','0000-00-00 00:00:00'),
(31,1,'CEDULA','12622059','FERNANDEZ MARTINEZ ROYCER','3014718410','roycer813@gmail.com','','1','0000-00-00 00:00:00','0000-00-00 00:00:00'),
(32,1,'CEDULA','84454033','FLOREZ VELASQUEZ IVAN DARIO','3043324260 - 4393705','dariflorez89@gmail.com','','1','0000-00-00 00:00:00','0000-00-00 00:00:00'),
(33,1,'CEDULA','1082917860','GONZALEZ CANTILLO LIZETH TATIANA','3233521000','lisethgonzalez383@gmail.com','','1','0000-00-00 00:00:00','0000-00-00 00:00:00'),
(34,1,'CEDULA','1083020172','GONZALEZ NU?ES JOSE ANTONIO','3057583218','JOSEANGONU2212@GMAIL.COM','','0','0000-00-00 00:00:00','0000-00-00 00:00:00'),
(35,1,'CEDULA','1080422496','GUALDRON GRANADOS ALEXA PAOLA','3045407266','alexagualdron99@gmail.com','','1','0000-00-00 00:00:00','0000-00-00 00:00:00'),
(36,1,'CEDULA','1004382427','HERNANDEZ  ALGARIN DIOMEDES DE JESUS','3042178177-3147262848','diomedesh30@gmail.com','','1','0000-00-00 00:00:00','0000-00-00 00:00:00'),
(37,1,'CEDULA','1083435173','HERNANDEZ LOPEZ JHON ESNEIDER','3148643719-3127898778','jhonhernandez0630@gmail.com','','0','0000-00-00 00:00:00','0000-00-00 00:00:00'),
(38,1,'CEDULA','26670424','JIMENEZ CAMARGO LORENA','3022141116','lopajica1314@gmail.com','','1','0000-00-00 00:00:00','0000-00-00 00:00:00'),
(39,1,'CEDULA','1221967870','LATTA LOPEZ AYLEN ARMANDO','3234483834','aylenlatta@hotmail.com','','1','0000-00-00 00:00:00','0000-00-00 00:00:00'),
(40,1,'CEDULA','1081923441','LOPEZ MENDEZ EDGAR MANUEL','3205062137','elopezm94@hotmail.com','','1','0000-00-00 00:00:00','0000-00-00 00:00:00'),
(41,1,'CEDULA','1082832313','LOPEZ NAVARRO JHONY ANDRES','3205100017','jhonyln2003@gmail.com','','1','0000-00-00 00:00:00','0000-00-00 00:00:00'),
(42,1,'CEDULA','7630596','MACHADO NOGOA MELQUICEDET','3015917518','melkis_1234@hotmail.com','','1','0000-00-00 00:00:00','0000-00-00 00:00:00'),
(43,1,'CEDULA','1004361167','MADRID GARCIA JANNY LUCIA','3022630709','jannyluciam@gmail.com','','1','0000-00-00 00:00:00','0000-00-00 00:00:00'),
(44,1,'CEDULA','1221980277','MARTINEZ FLORAISON VALENTINA ','3004353225','valentinafloraison@gmail.com','','0','0000-00-00 00:00:00','0000-00-00 00:00:00'),
(45,1,'CEDULA','8734749','MEJIA MACHADO CLAUDIO ANTONIO','3052364804','darlisdazam1985@gmail.com','','1','0000-00-00 00:00:00','0000-00-00 00:00:00'),
(46,1,'CEDULA','1082868875','MENA BARRIOS ALBERTO NICOLAS','3234566808','almeba20@hotmail.com','','1','0000-00-00 00:00:00','0000-00-00 00:00:00'),
(47,1,'CEDULA','1083035700','MENDIVIL GUTIERREZ JESUS ALBERTO','3016824528','mendi698@hotmail.com','','1','0000-00-00 00:00:00','0000-00-00 00:00:00'),
(48,1,'CEDULA','1083005667','MENDOZA OSPINO ANGY MARCELA','3007492353','angie_marce13@hotmail.com','','1','0000-00-00 00:00:00','0000-00-00 00:00:00'),
(49,1,'CEDULA','6511586','MENDOZA TORRES BRAYAN ENRIQUE','3206312143','brayanenriquemendoza18@gmail.com','','1','0000-00-00 00:00:00','0000-00-00 00:00:00'),
(50,1,'CEDULA','1083555789','NORIEGA MONTERO JOHANNA PAOLA','3023336799 - 3017531876','johannanoriega37@gmail.com','','1','0000-00-00 00:00:00','0000-00-00 00:00:00'),
(51,1,'CEDULA','1082890636','NU?EZ POMBO MILAGRO ISABEL','3028563580','nmilagros227@gmail.com','','1','0000-00-00 00:00:00','0000-00-00 00:00:00'),
(52,1,'CEDULA','1083017889','OROZCO ARZA JESUS ENRIQUE','3043638145','jesusarza25@gmail.com','','1','0000-00-00 00:00:00','0000-00-00 00:00:00'),
(53,1,'CEDULA','1221974129','OROZCO RUIZ ANGIE VANESSA','3005176947 - 3012986852','angiemaju2908@hotmail.com','','1','0000-00-00 00:00:00','0000-00-00 00:00:00'),
(54,1,'CEDULA','1004122671','ORTIZ LOBATO IVAN DAVID','3022364212','sincorreo@sincorreo.com','','1','0000-00-00 00:00:00','0000-00-00 00:00:00'),
(55,1,'CEDULA DE EXTRANJERIA','5777753','PADILLA PALOMARES JESUS OSWALDO','3042271200','yaneliscarolinag@hotmail.com','','1','0000-00-00 00:00:00','0000-00-00 00:00:00'),
(56,1,'CEDULA','57461664','PALLARES MONTA?O JANELLYS ESTHER','','janellys-pallares@hotmail.com','','1','0000-00-00 00:00:00','0000-00-00 00:00:00'),
(57,1,'CEDULA','1083013446','PAREJO SANCHEZ JINETH','3013535370','jineth.12@hotmail.com','jparejo@metropolisdelacosta.com','1','0000-00-00 00:00:00','0000-00-00 00:00:00'),
(58,1,'CEDULA','19590737','PERTUZ OROZCO JULIO CESAR','3023977749','juliopertuz70@outlook.com','','1','0000-00-00 00:00:00','0000-00-00 00:00:00'),
(59,1,'CEDULA','1042445199','PRADA RUEDA PEDRO JAVIER','3157299351','jp_20@hotmail.es','','1','0000-00-00 00:00:00','0000-00-00 00:00:00'),
(60,1,'CEDULA','1221976754','QUINTO CORONADO ANGELICA','3108475774','angelicaquintoc@gmail.com','','1','0000-00-00 00:00:00','0000-00-00 00:00:00'),
(61,1,'CEDULA','1004163505','RACEDO CASTILLO JHOINER SMITH','3244131677','jpenalver201@gmail.com','','1','0000-00-00 00:00:00','0000-00-00 00:00:00'),
(62,1,'CEDULA','1043873947','RICARDO CHARRIS LUIS EDUARDO','322883117','luiseduardorixardo@gmail.com','','1','0000-00-00 00:00:00','0000-00-00 00:00:00'),
(63,1,'NIT MIXTO','1066062659','RINCON ANGARITA YEIDER ALONSO','3202132752','yrinconangarita@gmail.com','','1','0000-00-00 00:00:00','0000-00-00 00:00:00'),
(64,1,'CEDULA','1116665981','RINCON GUTIERREZ JEISSON ANDREY','3106542935 - 3183106778','j.93rincon@gmail.com','','1','0000-00-00 00:00:00','0000-00-00 00:00:00'),
(65,1,'CEDULA','12635912','ROCA LLANOS ALFAR DE JESUS','3003853673','alfarroca2312@gmail.com','','1','0000-00-00 00:00:00','0000-00-00 00:00:00'),
(66,1,'CEDULA','1082913329','RODRIGUEZ VESGA SILVIA','3004140824','silvisjuli@hotmail.es','','1','0000-00-00 00:00:00','0000-00-00 00:00:00'),
(67,1,'CEDULA','84451938','ROMERO URIBE HILDEBRANDO','3013573931','brandoromero0426@gmail.com','','1','0000-00-00 00:00:00','0000-00-00 00:00:00'),
(68,1,'CEDULA','1221968085','SARMIENTO MENDOZA MARLON JOSE','3043667528',' marlonsarmen068@gmail.com','','1','0000-00-00 00:00:00','0000-00-00 00:00:00'),
(69,1,'CEDULA','1097162576','SIERRA PEREZ YOJAN ANDRES','3188151736','yoansierra11@hotmail.com','','1','0000-00-00 00:00:00','0000-00-00 00:00:00'),
(70,1,'CEDULA','1082931929','SIERRA WHITE DIANYS MILETH','3125019365','diannys0929@gmail.com','','1','0000-00-00 00:00:00','0000-00-00 00:00:00'),
(71,1,'CEDULA','56089467','TORRES BOJATO ALVIS MARIA','3042837355','alvis.torres2022@gmail.com','ventasferrecasas@@metropolisdelacosta.com','1','0000-00-00 00:00:00','0000-00-00 00:00:00'),
(72,2,'CEDULA','1083035672','TORRES FONTALVO JONATHAN JOSE','3007140390','torresfontalvo1218@gmail.com','','1','0000-00-00 00:00:00','2023-06-07 10:06:23'),
(73,1,'CEDULA','1083024146','TORRES REYES JUNNINNO ALDAIR','3016574962','esteven465@gmail.com','auxcompras@metropolisdelacosta.com','1','0000-00-00 00:00:00','0000-00-00 00:00:00'),
(74,1,'CEDULA','1235539168','TRIGOS TORRES MIGUEL ANDRES','3014407399','miguelyangely06@gmail.com','','1','0000-00-00 00:00:00','0000-00-00 00:00:00'),
(75,2,'CEDULA','1083032223','VENGAL MULFORD YIRLEY CAROLINA','4349297','yirleyvengal10@gmail.com','yvengal@metropolisdelacosta.com','1','0000-00-00 00:00:00','2023-06-07 09:57:16'),
(76,1,'CEDULA','1082910762','VILLA CA?AS JULIO JOSE','3166363248','julio-0128@hotmail.com','','1','0000-00-00 00:00:00','0000-00-00 00:00:00'),
(77,1,'CEDULA','85489755','VILLALOBOS ARIZA GUSTAVO SEGUNDO','3194414794','tavovillalobos79@gmail.com','','1','0000-00-00 00:00:00','0000-00-00 00:00:00'),
(78,1,'CEDULA','1084729655','YANCY MIRANDA FREDY RAFAEL','3014509474','fredyyancy28@gmail.com','','1','0000-00-00 00:00:00','0000-00-00 00:00:00');

/*Table structure for table `porcentajes` */

DROP TABLE IF EXISTS `porcentajes`;

CREATE TABLE `porcentajes` (
  `id_porcentaje` int(11) NOT NULL AUTO_INCREMENT,
  `por_tipo` varchar(50) NOT NULL,
  `por_mes` float NOT NULL,
  `por_tipR` varchar(50) NOT NULL,
  `por_AID` varchar(50) NOT NULL,
  PRIMARY KEY (`id_porcentaje`)
) ENGINE=InnoDB AUTO_INCREMENT=15 DEFAULT CHARSET=utf8mb4 COLLATE=utf8mb4_general_ci;

/*Data for the table `porcentajes` */

insert  into `porcentajes`(`id_porcentaje`,`por_tipo`,`por_mes`,`por_tipR`,`por_AID`) values 
(1,'VISA DEBITO',0.0174,'VISA','A0000000031010'),
(2,'VISA CREDITO (CR)',0.0174,'VISA','A0000000031010'),
(3,'VISA ELECTRON DEBITO (AH)',0.0177,'VISA','A0000000032010'),
(4,'VISA ELECTRON CREDITO',0.0174,'VISA',''),
(5,'MASTERCARD CREDITO',0.0184,'MASTERCARD',''),
(6,'MAESTRO DEBITO (AH)',0.0166,'MASTERCARD',''),
(7,'MAESTRO CREDITO',0.0184,'MASTERCARD',''),
(8,'AMERICAN EXPRESSS AMEX',0.026,'VISA',''),
(9,'TARJETA EXITO - TUYA',0.025,'EXITO BANCO',''),
(10,'TARJETA OLIMPICA',0.025,'OLIMPICA BANCOLOMBIA',''),
(11,'MASTERCARD DEBITO',0.0184,'MASTERCARD',''),
(12,'VISA DEBIT',0.0175,'VISA',''),
(13,'DINNER CLUB',0,'DAVIVIENDA',''),
(14,'MAESTRO DEBITO (AH) CAJAMAG',0.0184,'MASTERCARD','');

/*Table structure for table `registros` */

DROP TABLE IF EXISTS `registros`;

CREATE TABLE `registros` (
  `id_registro` int(11) NOT NULL AUTO_INCREMENT,
  `id_sede` int(11) DEFAULT NULL,
  `id_operador` int(11) NOT NULL,
  `reg_numticket` varchar(50) NOT NULL,
  `reg_tipcuenta` int(11) NOT NULL,
  `reg_tiptar` varchar(50) DEFAULT NULL,
  `reg_valor` float NOT NULL,
  `reg_iva` float NOT NULL,
  `reg_rtefte` decimal(45,4) DEFAULT NULL,
  `reg_rteiva` decimal(45,4) DEFAULT NULL,
  `reg_rteica` decimal(45,4) DEFAULT NULL,
  `reg_comision` decimal(45,4) DEFAULT NULL,
  `reg_tardesc` decimal(45,4) DEFAULT NULL,
  `reg_banco` decimal(45,4) DEFAULT NULL,
  `reg_diferencia` decimal(45,4) DEFAULT NULL,
  `reg_fecope` date NOT NULL,
  `reg_fecupd` timestamp NULL DEFAULT current_timestamp() ON UPDATE current_timestamp(),
  PRIMARY KEY (`id_registro`)
) ENGINE=InnoDB AUTO_INCREMENT=95 DEFAULT CHARSET=utf8mb4 COLLATE=utf8mb4_general_ci;

/*Data for the table `registros` */

insert  into `registros`(`id_registro`,`id_sede`,`id_operador`,`reg_numticket`,`reg_tipcuenta`,`reg_tiptar`,`reg_valor`,`reg_iva`,`reg_rtefte`,`reg_rteiva`,`reg_rteica`,`reg_comision`,`reg_tardesc`,`reg_banco`,`reg_diferencia`,`reg_fecope`,`reg_fecupd`) values 
(1,1,5,'CM01 - 3060',11,'MASTERCARD',800000,0,12000.0000,0.0000,4000.0000,14720.0000,30720.0000,785280.0000,769280.0000,'2023-08-01','2023-08-03 11:24:48'),
(2,1,5,'CM01 - 3061',2,'VISA',21231,3382,267.7350,507.3000,89.2450,310.5726,1174.8526,20920.4274,20056.1474,'2023-08-01','2023-08-03 11:24:49'),
(3,1,5,'CM01 - 3062',2,'VISA',214000,34168,2697.4800,5125.2000,899.1600,3129.0768,11850.9168,210870.9232,202149.0832,'2023-08-01','2023-08-03 11:24:49'),
(4,1,5,'CM01 - 3063',11,'MASTERCARD',290000,46303,3655.4550,6945.4500,1218.4850,4484.0248,16303.4148,285515.9752,273696.5852,'2023-08-01','2023-08-03 11:24:49'),
(5,1,5,'CM01 - 3064',3,'VISA',3897800,0,58467.0000,0.0000,19489.0000,68991.0600,146947.0600,3828808.9400,3750852.9400,'2023-08-01','2023-08-03 11:24:50'),
(6,1,5,'CM01 - 3066',5,'MASTERCARD',82800,0,1242.0000,0.0000,414.0000,1523.5200,3179.5200,81276.4800,79620.4800,'2023-08-01','2023-08-03 11:24:50'),
(7,1,5,'CM01 - 3067',6,'MASTERCARD',657800,105027,8291.5950,15754.0500,2763.8650,9176.0318,35985.5418,648623.9682,621814.4582,'2023-08-01','2023-08-03 11:24:50'),
(8,1,5,'CM01 - 3068',5,'MASTERCARD',39540,6313,498.4050,946.9500,166.1350,611.3768,2222.8668,38928.6232,37317.1332,'2023-08-01','2023-08-03 11:24:51'),
(9,1,5,'CM01 - 3069',5,'MASTERCARD',228150,36411,2876.0850,5461.6500,958.6950,3527.9976,12824.4276,224622.0024,215325.5724,'2023-08-01','2023-08-03 11:24:51'),
(10,1,5,'CM01 - 3070',3,'VISA',106300,16972,1339.9200,2545.8000,446.6400,1581.1056,5913.4656,104718.8944,100386.5344,'2023-08-01','2023-08-03 11:24:51'),
(11,1,5,'CM01 - 3071',3,'VISA',83461,13317,1052.1600,1997.5500,350.7200,1241.5488,4641.9788,82219.4512,78819.0212,'2023-08-01','2023-08-03 11:24:51'),
(12,1,5,'CM01 - 3072',11,'MASTERCARD',885000,141303,11155.4550,21195.4500,3718.4850,13684.0248,49753.4148,871315.9752,835246.5852,'2023-08-01','2023-08-03 11:24:52'),
(13,1,5,'CM01 - 3073',11,'MASTERCARD',18400,2938,231.9300,440.7000,77.3100,284.5008,1034.4408,18115.4992,17365.5592,'2023-08-01','2023-08-03 11:24:52'),
(14,1,5,'CM01 - 3074',11,'MASTERCARD',898700,143490,11328.1500,21523.5000,3776.0500,13895.8640,50523.5640,884804.1360,848176.4360,'2023-08-01','2023-08-03 11:24:52'),
(15,1,5,'CM01 - 3075',3,'VISA',51407,8192,648.2250,1228.8000,216.0750,764.9055,2858.0055,50642.0945,48548.9945,'2023-08-01','2023-08-03 11:24:53'),
(16,1,5,'CM01 - 3076',11,'MASTERCARD',1500000,0,22500.0000,0.0000,7500.0000,27600.0000,57600.0000,1472400.0000,1442400.0000,'2023-08-01','2023-08-03 11:24:53'),
(17,1,5,'CM01 - 3078',11,'MASTERCARD',49000,7824,617.6400,1173.6000,205.8800,757.6384,2754.7584,48242.3616,46245.2416,'2023-08-01','2023-08-03 11:24:53'),
(18,1,9,'CM02 - 1934',3,'VISA',112150,0,1682.2500,0.0000,560.7500,1985.0550,4228.0550,110164.9450,107921.9450,'2023-08-01','2023-08-03 11:24:54'),
(19,1,9,'CM02 - 1935',2,'VISA',16600,2650,209.2500,397.5000,69.7500,242.7300,919.2300,16357.2700,15680.7700,'2023-08-01','2023-08-03 11:24:54'),
(20,1,9,'CM02 - 1936',2,'VISA',14000,2235,176.4750,335.2500,58.8250,204.7110,775.2610,13795.2890,13224.7390,'2023-08-01','2023-08-03 11:24:54'),
(21,1,9,'CM02 - 1937',3,'VISA',37762,6029,475.9950,904.3500,158.6650,561.6741,2100.6841,37200.3259,35661.3159,'2023-08-01','2023-08-03 11:24:55'),
(22,1,9,'CM02 - 1938',3,'VISA',18850,3010,237.6000,451.5000,79.2000,280.3680,1048.6680,18569.6320,17801.3320,'2023-08-01','2023-08-03 11:24:55'),
(23,1,9,'CM02 - 1939',11,'MASTERCARD',64250,6976,859.1100,1046.4000,286.3700,1053.8416,3245.7216,63196.1584,61004.2784,'2023-08-01','2023-08-03 11:24:55'),
(24,1,9,'CM02 - 1940',11,'MASTERCARD',52800,8430,665.5500,1264.5000,221.8500,816.4080,2968.3080,51983.5920,49831.6920,'2023-08-01','2023-08-03 11:24:56'),
(25,2,10,'CFC - 1243',3,'VISA',82000,13076,1033.8600,1961.4000,344.6200,1219.9548,4559.8348,80780.0452,77440.1652,'2023-08-01','2023-08-03 11:25:56'),
(26,2,10,'CFC - 1244',6,'MASTERCARD',290000,0,4350.0000,0.0000,1450.0000,4814.0000,10614.0000,285186.0000,279386.0000,'2023-08-01','2023-08-03 11:25:56'),
(27,2,10,'CFC - 1245',6,'MASTERCARD',22000,0,330.0000,0.0000,110.0000,365.2000,805.2000,21634.8000,21194.8000,'2023-08-01','2023-08-03 11:25:57'),
(28,2,10,'CFC - 1246',6,'MASTERCARD',63900,0,958.5000,0.0000,319.5000,1060.7400,2338.7400,62839.2600,61561.2600,'2023-08-01','2023-08-03 11:25:57'),
(29,4,11,'CBM - 3811',11,'MASTERCARD',1215000,0,18225.0000,0.0000,6075.0000,22356.0000,46656.0000,1192644.0000,1168344.0000,'2023-08-01','2023-08-03 11:25:59'),
(30,4,11,'CBM - 3812',11,'MASTERCARD',593000,94681,7474.7850,14202.1500,2491.5950,9169.0696,33337.5996,583830.9304,559662.4004,'2023-08-01','2023-08-03 11:25:59'),
(31,4,11,'CBM - 3813',11,'MASTERCARD',168500,26903,2123.9550,4035.4500,707.9850,2605.3848,9472.7748,165894.6152,159027.2252,'2023-08-01','2023-08-03 11:26:00'),
(32,1,5,'CM01 - 3079',1,'VISA',50000,7983,630.2550,1197.4500,210.0850,731.0958,2768.8858,49268.9042,47231.1142,'2023-08-02','2023-08-03 11:26:02'),
(37,1,5,'CM01 - 3080',6,'MASTERCARD',18500,2954,233.1900,443.1000,77.7300,258.0636,1012.0836,18241.9364,17487.9164,'2023-08-02','2023-08-03 11:24:58'),
(38,1,5,'CM01 - 3081',11,'MASTERCARD',165960,26482,2092.1700,3972.3000,697.3900,2566.3952,9328.2552,163393.6048,156631.7448,'2023-08-02','2023-08-03 11:24:59'),
(39,1,5,'CM01 - 3082',6,'MASTERCARD',39330,6280,495.7500,942.0000,165.2500,548.6300,2151.6300,38781.3700,37178.3700,'2023-08-02','2023-08-03 11:24:59'),
(40,1,5,'CM01 - 3083',6,'MASTERCARD',700000,111765,8823.5250,16764.7500,2941.1750,9764.7010,38294.1510,690235.2990,661705.8490,'2023-08-02','2023-08-03 11:24:59'),
(41,1,5,'CM01 - 3084',11,'MASTERCARD',14000,2213,176.8050,331.9500,58.9350,216.8808,784.5708,13783.1192,13215.4292,'2023-08-02','2023-08-03 11:25:00'),
(42,1,5,'CM01 - 3085',11,'MASTERCARD',231000,36882,2911.7700,5532.3000,970.5900,3571.7712,12986.4312,227428.2288,218013.5688,'2023-08-02','2023-08-03 11:25:00'),
(43,1,5,'CM01 - 3086',3,'VISA',121600,19415,1532.7750,2912.2500,510.9250,1808.6745,6764.6245,119791.3255,114835.3755,'2023-08-02','2023-08-03 11:25:00'),
(44,1,5,'CM01 - 3088',2,'VISA',78000,12454,983.1900,1868.1000,327.7300,1140.5004,4319.5204,76859.4996,73680.4796,'2023-08-02','2023-08-03 11:25:01'),
(45,1,5,'CM01 - 3089',11,'MASTERCARD',68800,10809,869.8650,1621.3500,289.9550,1067.0344,3848.2044,67732.9656,64951.7956,'2023-08-02','2023-08-03 11:25:01'),
(46,1,5,'CM01 - 3090',5,'MASTERCARD',58600,9356,738.6600,1403.4000,246.2200,906.0896,3294.3696,57693.9104,55305.6304,'2023-08-02','2023-08-03 11:25:01'),
(47,1,5,'CM01 - 3091',11,'MASTERCARD',60000,0,900.0000,0.0000,300.0000,1104.0000,2304.0000,58896.0000,57696.0000,'2023-08-02','2023-08-03 11:25:02'),
(48,1,5,'CM01 - 3092',11,'MASTERCARD',38550,6155,485.9250,923.2500,161.9750,596.0680,2167.2180,37953.9320,36382.7820,'2023-08-02','2023-08-03 11:25:02'),
(49,1,5,'CM01 - 3093',11,'MASTERCARD',190600,30432,2402.5200,4564.8000,800.8400,2947.0912,10715.2512,187652.9088,179884.7488,'2023-08-02','2023-08-03 11:25:03'),
(50,1,5,'CM01 - 3094',3,'VISA',148420,23697,1870.8450,3554.5500,623.6150,2207.5971,8256.6071,146212.4029,140163.3929,'2023-08-02','2023-08-03 11:25:03'),
(51,1,5,'CM01 - 3095',3,'VISA',13400,0,201.0000,0.0000,67.0000,237.1800,505.1800,13162.8200,12894.8200,'2023-08-02','2023-08-03 11:25:03'),
(52,1,5,'CM01 - 3096',3,'VISA',45600,7281,574.7850,1092.1500,191.5950,678.2463,2536.7763,44921.7537,43063.2237,'2023-08-02','2023-08-03 11:25:04'),
(53,1,5,'CM01 - 3097',11,'MASTERCARD',145750,23255,1837.4250,3488.2500,612.4750,2253.9080,8192.0580,143496.0920,137557.9420,'2023-08-02','2023-08-03 11:25:04'),
(54,1,5,'CM01 - 3098',1,'VISA',61500,9811,775.3350,1471.6500,258.4450,899.3886,3404.8186,60600.6114,58095.1814,'2023-08-02','2023-08-03 11:25:04'),
(55,1,5,'CM01 - 3099',1,'VISA',85600,13651,1079.2350,2047.6500,359.7450,1251.9126,4738.5426,84348.0874,80861.4574,'2023-08-02','2023-08-03 11:25:05'),
(56,1,5,'CM01 - 3101',5,'MASTERCARD',64022,1022,945.0000,153.3000,315.0000,1159.2000,2572.5000,62862.8000,61449.5000,'2023-08-02','2023-08-03 11:25:05'),
(57,1,5,'CM01 - 3102',11,'MASTERCARD',634490,0,9517.3500,0.0000,3172.4500,11674.6160,24364.4160,622815.3840,610125.5840,'2023-08-02','2023-08-03 11:25:05'),
(58,1,5,'CM01 - 3103',11,'MASTERCARD',171200,27318,2158.2300,4097.7000,719.4100,2647.4288,9622.7688,168552.5712,161577.2312,'2023-08-02','2023-08-03 11:25:05'),
(59,1,5,'CM01 - 3104',3,'VISA',249700,39868,3147.4800,5980.2000,1049.1600,3714.0264,13890.8664,245985.9736,235809.1336,'2023-08-02','2023-08-03 11:25:06'),
(60,1,5,'CM01 - 3105',5,'MASTERCARD',16900,2698,213.0300,404.7000,71.0100,261.3168,950.0568,16638.6832,15949.9432,'2023-08-02','2023-08-03 11:25:06'),
(61,1,5,'CM01 - 3106',11,'MASTERCARD',377620,60292,4759.9200,9043.8000,1586.6400,5838.8352,21229.1952,371781.1648,356390.8048,'2023-08-02','2023-08-03 11:25:06'),
(62,1,9,'CM02 - 1941',1,'VISA',19000,3034,239.4900,455.1000,79.8300,277.8084,1052.2284,18722.1916,17947.7716,'2023-08-02','2023-08-03 11:25:07'),
(63,1,9,'CM02 - 1942',3,'VISA',60600,9660,764.1000,1449.0000,254.7000,901.6380,3369.4380,59698.3620,57230.5620,'2023-08-02','2023-08-03 11:25:08'),
(64,1,9,'CM02 - 1943',11,'MASTERCARD',33200,2714,457.2900,407.1000,152.4300,560.9424,1577.7624,32639.0576,31622.2376,'2023-08-02','2023-08-03 11:25:08'),
(65,1,9,'CM02 - 1944',11,'MASTERCARD',35800,5700,451.5000,855.0000,150.5000,553.8400,2010.8400,35246.1600,33789.1600,'2023-08-02','2023-08-03 11:25:08'),
(66,2,10,'CFC - 1248',3,'VISA',89400,0,1341.0000,0.0000,447.0000,1582.3800,3370.3800,87817.6200,86029.6200,'2023-08-02','2023-08-03 11:25:26'),
(67,2,10,'CFC - 1249',6,'MASTERCARD',29000,4630,365.5500,694.5000,121.8500,404.5420,1586.4420,28595.4580,27413.5580,'2023-08-02','2023-08-03 11:25:26'),
(68,4,11,'CBM - 3815',11,'MASTERCARD',675000,0,10125.0000,0.0000,3375.0000,12420.0000,25920.0000,662580.0000,649080.0000,'2023-08-02','2023-08-03 11:25:29'),
(69,4,11,'CBM - 3816',11,'MASTERCARD',152500,24349,1922.2650,3652.3500,640.7550,2357.9784,8573.3484,150142.0216,143926.6516,'2023-08-02','2023-08-03 11:25:29'),
(70,4,11,'CBM - 3817',11,'MASTERCARD',34600,5524,436.1400,828.6000,145.3800,534.9984,1945.1184,34065.0016,32654.8816,'2023-08-02','2023-08-03 11:25:30'),
(71,4,11,'CBM - 3818',3,'VISA',186000,29697,2344.5450,4454.5500,781.5150,2766.5631,10347.1731,183233.4369,175652.8269,'2023-08-02','2023-08-03 11:25:30'),
(72,4,11,'CBM - 3819',2,'VISA',53290,8508,671.7300,1276.2000,223.9100,779.2068,2951.0468,52510.7932,50338.9532,'2023-08-02','2023-08-03 11:25:31'),
(73,4,11,'CBM - 3820',11,'MASTERCARD',386460,61704,4871.3400,9255.6000,1623.7800,5975.5104,21726.2304,380484.4896,364733.7696,'2023-08-02','2023-08-03 11:25:31'),
(74,4,11,'CBM - 3822',3,'VISA',200000,0,3000.0000,0.0000,1000.0000,3540.0000,7540.0000,196460.0000,192460.0000,'2023-08-02','2023-08-03 11:25:32'),
(75,4,11,'CBM - 3823',11,'MASTERCARD',3335000,0,50025.0000,0.0000,16675.0000,61364.0000,128064.0000,3273636.0000,3206936.0000,'2023-08-02','2023-08-03 11:25:33'),
(76,1,9,'CM02 - 1946',11,'MASTERCARD',85600,13667,1078.9950,2050.0500,359.6650,1323.5672,4812.2772,84276.4328,80787.7228,'2023-08-03','2023-08-03 11:25:36'),
(78,1,5,'CM01 - 3107',2,'VISA',24000,3832,302.5200,574.8000,100.8400,350.9232,1329.0832,23649.0768,22670.9168,'2023-08-03','2023-08-03 11:25:37'),
(79,1,5,'CM01 - 3108',11,'MASTERCARD',241000,38463,3038.0550,5769.4500,1012.6850,3726.6808,13546.8708,237273.3192,227453.1292,'2023-08-03','2023-08-03 11:25:38'),
(80,1,5,'CM01 - 3109',11,'MASTERCARD',681928,108863,8595.9750,16329.4500,2865.3250,10544.3960,38335.1460,671383.6040,643592.8540,'2023-08-03','2023-08-03 11:25:38'),
(81,1,5,'CM01 - 3110',11,'MASTERCARD',30000,4782,378.2700,717.3000,126.0900,464.0112,1685.6712,29535.9888,28314.3288,'2023-08-03','2023-08-03 11:25:39'),
(82,1,5,'CM01 - 3111',11,'MASTERCARD',184400,29442,2324.3700,4416.3000,774.7900,2851.2272,10366.6872,181548.7728,174033.3128,'2023-08-03','2023-08-03 11:25:40'),
(83,1,5,'CM01 - 3112',11,'MASTERCARD',330000,0,4950.0000,0.0000,1650.0000,6072.0000,12672.0000,323928.0000,317328.0000,'2023-08-03','2023-08-03 11:25:40'),
(84,1,5,'CM01 - 3113',1,'VISA',158000,25219,1991.7150,3782.8500,663.9050,2310.3894,8748.8594,155689.6106,149251.1406,'2023-08-03','2023-08-03 11:25:41'),
(85,1,5,'CM01 - 3114',2,'VISA',510500,81508,6434.8800,12226.2000,2144.9600,7464.4608,28270.5008,503035.5392,482229.4992,'2023-08-03','2023-08-03 11:25:42'),
(86,1,5,'CM01 - 3115',11,'MASTERCARD',202800,32380,2556.3000,4857.0000,852.1000,3135.7280,11401.1280,199664.2720,191398.8720,'2023-08-03','2023-08-03 15:15:09'),
(87,1,5,'CM01 - 3116',11,'MASTERCARD',37991,6058,478.9950,908.7000,159.6650,587.5672,2134.9272,37403.4328,35856.0728,'2023-08-03','2023-08-03 15:15:10'),
(88,1,5,'CM01 - 3117',3,'VISA',158520,0,2377.8000,0.0000,792.6000,2805.8040,5976.2040,155714.1960,152543.7960,'2023-08-03','2023-08-03 15:15:10'),
(89,1,5,'CM01 - 3118',11,'MASTERCARD',692177,0,10382.6550,0.0000,3460.8850,12736.0568,26579.5968,679440.9432,665597.4032,'2023-08-03','2023-08-03 15:15:10'),
(90,1,5,'CM01 - 3119',11,'MASTERCARD',98800,15767,1245.4950,2365.0500,415.1650,1527.8072,5553.5172,97272.1928,93246.4828,'2023-08-03','2023-08-03 15:15:11'),
(91,1,5,'CM01 - 3120',6,'MASTERCARD',111800,0,1677.0000,0.0000,559.0000,1855.8800,4091.8800,109944.1200,107708.1200,'2023-08-03','2023-08-03 15:15:11'),
(92,1,5,'CM01 - 3121',11,'MASTERCARD',672000,107294,8470.5900,16094.1000,2823.5300,10390.5904,37778.8104,661609.4096,634221.1896,'2023-08-03','2023-08-03 15:15:11'),
(93,1,5,'CM01 - 3122',5,'MASTERCARD',722000,115277,9100.8450,17291.5500,3033.6150,11163.7032,40589.7132,710836.2968,681410.2868,'2023-08-03','2023-08-03 15:15:12'),
(94,1,5,'CM01 - 3123',11,'MASTERCARD',178200,20452,2366.2200,3067.8000,788.7400,2902.5632,9125.3232,175297.4368,169074.6768,'2023-08-03','2023-08-03 15:15:13');

/*Table structure for table `roles` */

DROP TABLE IF EXISTS `roles`;

CREATE TABLE `roles` (
  `id_rol` int(11) NOT NULL AUTO_INCREMENT,
  `rol_nombre` varchar(45) NOT NULL,
  PRIMARY KEY (`id_rol`)
) ENGINE=InnoDB AUTO_INCREMENT=5 DEFAULT CHARSET=utf8 COLLATE=utf8_spanish_ci;

/*Data for the table `roles` */

insert  into `roles`(`id_rol`,`rol_nombre`) values 
(1,'ASESOR'),
(2,'COORDINADOR'),
(3,'SUPERVISOR'),
(4,'ADMINISTRADOR');

/*Table structure for table `sedes` */

DROP TABLE IF EXISTS `sedes`;

CREATE TABLE `sedes` (
  `id_sede` int(11) NOT NULL AUTO_INCREMENT,
  `sed_nombre` varchar(45) DEFAULT NULL,
  `sed_direccion` varchar(45) DEFAULT NULL,
  PRIMARY KEY (`id_sede`)
) ENGINE=InnoDB AUTO_INCREMENT=5 DEFAULT CHARSET=utf8mb4 COLLATE=utf8mb4_general_ci;

/*Data for the table `sedes` */

insert  into `sedes`(`id_sede`,`sed_nombre`,`sed_direccion`) values 
(1,'CERAMICASAS','Calle 17 No. 18 - 61'),
(2,'FERRECASAS','Calle 17 No. 18 - 105'),
(3,'METROPOLIS','Carrera 19 No. 29S - 12 C5'),
(4,'MAYORISTA','Calle 20 No. 30 - 05');

/*Table structure for table `usuarios` */

DROP TABLE IF EXISTS `usuarios`;

CREATE TABLE `usuarios` (
  `id_usuario` int(11) NOT NULL AUTO_INCREMENT,
  `id_operador` int(11) NOT NULL,
  `id_persona` int(11) NOT NULL,
  `id_sede` int(11) DEFAULT NULL,
  `id_area` int(11) NOT NULL,
  `id_rol` int(11) NOT NULL,
  `user_nombre` varchar(45) NOT NULL,
  `user_password` varchar(245) NOT NULL,
  `user_estado` varchar(45) NOT NULL DEFAULT '1',
  `user_fecope` timestamp NOT NULL DEFAULT current_timestamp(),
  `user_fecupt` timestamp NOT NULL DEFAULT current_timestamp() ON UPDATE current_timestamp(),
  PRIMARY KEY (`id_usuario`)
) ENGINE=InnoDB AUTO_INCREMENT=12 DEFAULT CHARSET=utf8 COLLATE=utf8_spanish_ci;

/*Data for the table `usuarios` */

insert  into `usuarios`(`id_usuario`,`id_operador`,`id_persona`,`id_sede`,`id_area`,`id_rol`,`user_nombre`,`user_password`,`user_estado`,`user_fecope`,`user_fecupt`) values 
(1,1,10,3,10,4,'FARRIETA','202cb962ac59075b964b07152d234b70','1','2023-07-05 17:16:54','2023-07-05 17:16:54'),
(2,1,52,3,10,4,'JESUSO','d41d8cd98f00b204e9800998ecf8427e','1','2023-07-07 20:19:06','2023-08-02 13:46:47'),
(3,1,11,3,8,3,'CONSUELOB','d41d8cd98f00b204e9800998ecf8427e','1','2023-07-07 20:19:49','2023-08-02 13:46:40'),
(4,1,75,3,4,2,'YIRLEYV','d41d8cd98f00b204e9800998ecf8427e','1','2023-07-07 20:20:13','2023-08-02 13:46:33'),
(5,1,48,3,1,1,'ANGIEM','202cb962ac59075b964b07152d234b70','1','2023-08-02 09:45:29','2023-08-02 13:49:47'),
(8,1,16,3,4,2,'VALENTINAC','02522a2b2726fb0a03bb19f2d8d9524d','1','2023-08-02 13:46:13','2023-08-02 13:46:13'),
(9,1,26,3,1,1,'DAYANISC','202cb962ac59075b964b07152d234b70','1','2023-08-02 17:29:43','2023-08-02 17:29:43'),
(10,1,53,2,1,1,'ANGIEO','202cb962ac59075b964b07152d234b70','1','2023-08-02 17:58:46','2023-08-02 17:58:46'),
(11,1,35,4,1,1,'ALEXAG','202cb962ac59075b964b07152d234b70','1','2023-08-02 17:59:09','2023-08-02 17:59:09');

/*!40101 SET SQL_MODE=@OLD_SQL_MODE */;
/*!40014 SET FOREIGN_KEY_CHECKS=@OLD_FOREIGN_KEY_CHECKS */;
/*!40014 SET UNIQUE_CHECKS=@OLD_UNIQUE_CHECKS */;
/*!40111 SET SQL_NOTES=@OLD_SQL_NOTES */;
