/*
SQLyog Community v13.2.0 (64 bit)
MySQL - 10.4.28-MariaDB : Database - tarjetas
*********************************************************************
*/

/*!40101 SET NAMES utf8 */;

/*!40101 SET SQL_MODE=''*/;

/*!40014 SET @OLD_UNIQUE_CHECKS=@@UNIQUE_CHECKS, UNIQUE_CHECKS=0 */;
/*!40014 SET @OLD_FOREIGN_KEY_CHECKS=@@FOREIGN_KEY_CHECKS, FOREIGN_KEY_CHECKS=0 */;
/*!40101 SET @OLD_SQL_MODE=@@SQL_MODE, SQL_MODE='NO_AUTO_VALUE_ON_ZERO' */;
/*!40111 SET @OLD_SQL_NOTES=@@SQL_NOTES, SQL_NOTES=0 */;
CREATE DATABASE /*!32312 IF NOT EXISTS*/`tarjetas` /*!40100 DEFAULT CHARACTER SET utf8mb4 COLLATE utf8mb4_general_ci */;

USE `tarjetas`;

/*Table structure for table `areas` */

DROP TABLE IF EXISTS `areas`;

CREATE TABLE `areas` (
  `id_area` int(11) NOT NULL AUTO_INCREMENT,
  `are_nombre` varchar(45) NOT NULL,
  PRIMARY KEY (`id_area`)
) ENGINE=InnoDB AUTO_INCREMENT=11 DEFAULT CHARSET=utf8 COLLATE=utf8_spanish_ci;

/*Data for the table `areas` */

insert  into `areas`(`id_area`,`are_nombre`) values 
(1,'CAJA'),
(2,'COMERCIAL'),
(3,'CARTERA'),
(4,'CONTABILIDAD'),
(5,'COMPRAS'),
(6,'INVENTARIOS'),
(7,'TESORERIA'),
(8,'PROCESOS'),
(9,'RRHH'),
(10,'SISTEMAS');

/*Table structure for table `personas` */

DROP TABLE IF EXISTS `personas`;

CREATE TABLE `personas` (
  `id_persona` int(11) NOT NULL AUTO_INCREMENT,
  `id_operador` int(11) NOT NULL,
  `per_cladoc` varchar(45) NOT NULL,
  `per_docume` varchar(45) NOT NULL,
  `per_nombre` varchar(45) NOT NULL,
  `per_telefono` varchar(45) NOT NULL,
  `per_corper` varchar(45) NOT NULL,
  `per_corcop` varchar(45) NOT NULL,
  `per_estado` varchar(45) NOT NULL DEFAULT '1',
  `per_fecope` timestamp NOT NULL DEFAULT current_timestamp(),
  `per_fecupd` timestamp NOT NULL DEFAULT current_timestamp() ON UPDATE current_timestamp(),
  PRIMARY KEY (`id_persona`)
) ENGINE=InnoDB AUTO_INCREMENT=79 DEFAULT CHARSET=utf8 COLLATE=utf8_spanish_ci;

/*Data for the table `personas` */

insert  into `personas`(`id_persona`,`id_operador`,`per_cladoc`,`per_docume`,`per_nombre`,`per_telefono`,`per_corper`,`per_corcop`,`per_estado`,`per_fecope`,`per_fecupd`) values 
(1,1,'CEDULA','1082882409','ACEVEDO GOMEZ ELIZABETH','3117721662','ELIZABETHACEVEDOGOMEZ0@GMAIL.COM','eacevedo@metropolisdelacosta.com','1','0000-00-00 00:00:00','0000-00-00 00:00:00'),
(2,1,'CEDULA','1007900088','ADARRAGA BERDUGO LAURA VANESSA','3002950778','lauraadarraga5@gmail.com','rrhha@metropolisdelacosta.com','1','0000-00-00 00:00:00','0000-00-00 00:00:00'),
(3,1,'NIT MIXTO','1128194021','ALBOR CORONADO JULIETH PAOLA','3004801667','juliethalbor17@gmail.com','cartera@metropolisdelacosta.com','1','0000-00-00 00:00:00','0000-00-00 00:00:00'),
(4,1,'CEDULA','1082918441','ALTAMIRANDA ATENCIO JUSETH DAVID','3024078342','jusethaltamiranda@gmail.com','','1','0000-00-00 00:00:00','0000-00-00 00:00:00'),
(5,1,'CEDULA','1193046592','APARICIO SUAREZ MAYRA ALEJANDRA','','','','1','0000-00-00 00:00:00','0000-00-00 00:00:00'),
(6,1,'CEDULA','12636992','ARENAS CABALLERO EDWIN ENRIQUE','3012222093 -  3046065421',' edwinarenas432@gmail.com','','1','0000-00-00 00:00:00','0000-00-00 00:00:00'),
(7,1,'CEDULA','1083040752','ARIAS DAVILA IVAN EDUARDO','3205786310','ivaneduarias@gmail.com','','1','0000-00-00 00:00:00','0000-00-00 00:00:00'),
(8,1,'CEDULA','1083458463','ARIZA HERRERA JHONATAN SEGUNDO','3043897980','jhonatanariza831@gmail.com','','1','0000-00-00 00:00:00','0000-00-00 00:00:00'),
(9,1,'CEDULA','1082891362','ARRIETA ALENDRALES LILIANA PAOLA','3104485096','lili_240189@hotmail.com','','1','0000-00-00 00:00:00','0000-00-00 00:00:00'),
(10,1,'CEDULA','1045689957','ARRIETA BLANCO FABIAN ANDRES','3013996994','f.arrieta@outlook.com','','1','0000-00-00 00:00:00','0000-00-00 00:00:00'),
(11,1,'CEDULA','63484295','BAUTISTA SANCHEZ CONSUELO','3013866172','consuelobs2010@hotmail.com','','1','0000-00-00 00:00:00','0000-00-00 00:00:00'),
(12,1,'CEDULA DE EXTRANJERIA','5293593','BRACHO MELENDEZ FRANCISCO JAVIER','','fjbm31122002@hotmail.com','','1','0000-00-00 00:00:00','0000-00-00 00:00:00'),
(13,1,'CEDULA','1080420940','BENAVIDES JIMENEZ KATIANA MARCELA','3023596694','kattyb727@gmail.com','','1','0000-00-00 00:00:00','0000-00-00 00:00:00'),
(14,1,'CEDULA','7630377','BLANCO VACCA EFRAIN','3106611098','efrainblancovaca@gmail.com','','1','0000-00-00 00:00:00','0000-00-00 00:00:00'),
(15,1,'CEDULA','12629264','CABRERA GARCIA NELSON DE JESUS','3103649392','nelsoncabrera2612@gmail.com','','1','0000-00-00 00:00:00','0000-00-00 00:00:00'),
(16,1,'CEDULA','1082933322','CABRERA JIMENEZ VALENTINA BEATRIZ','3022667395','valentinabcj@gmail.com','','1','0000-00-00 00:00:00','0000-00-00 00:00:00'),
(17,1,'CEDULA','1193534792','CABRERA MERI?O GLADYS MARIA','3042259671','cabreragladys347@gmail.com','','1','0000-00-00 00:00:00','0000-00-00 00:00:00'),
(18,1,'CEDULA','8645287','CANTILLO POLO CARLOS','3042983540','cantillopolocarlos2022@gmail.com','','1','0000-00-00 00:00:00','0000-00-00 00:00:00'),
(19,1,'CEDULA','1004378842','CAMELO MARTINEZ IVAN RENE','3012907761','ivanrenecamelo10@gmail.com','','1','0000-00-00 00:00:00','0000-00-00 00:00:00'),
(20,1,'CEDULA','63489474','CARRE?O ARDILA SONIA PATRICIA','3004857482','soniapa.mauro@gmail.com','','1','0000-00-00 00:00:00','0000-00-00 00:00:00'),
(21,1,'CEDULA','85477152','CARRILLO BARBOSA EVER','3006153905','evercarrillo360@gmail.com','','1','0000-00-00 00:00:00','0000-00-00 00:00:00'),
(22,1,'CEDULA','12635706','CASAS CASAS FAIBER ARNOL','3202353075','FAIBERCASAS@GMAIL.COM','','1','0000-00-00 00:00:00','0000-00-00 00:00:00'),
(23,1,'CEDULA','84456361','CASAS CRUZ JUAN CARLOS','4205640 - 3108297983','jcc_va@hotmail.com','','1','0000-00-00 00:00:00','0000-00-00 00:00:00'),
(24,1,'CEDULA','7629951','CASTRO CASTRO OSVALDIR','3166402332/4229130','familicastro2014@hotmail.com','','1','0000-00-00 00:00:00','0000-00-00 00:00:00'),
(25,1,'CEDULA','1124048121','CRUZATE GONZALEZ JAN CARLOS','3008081677','jeankrlos1994@outlook.es','','1','0000-00-00 00:00:00','0000-00-00 00:00:00'),
(26,1,'CEDULA','1082855203','CHIQUILLO ACU?A DAYANIS LILIBETH ','3022868255','dayanisjin@gmail.com','','1','0000-00-00 00:00:00','0000-00-00 00:00:00'),
(27,1,'CEDULA','19597263','DE AVILA VEGA YERALDO DE JESUS','3106229835','yeraldodeavilavega73@gmail.com','','1','0000-00-00 00:00:00','0000-00-00 00:00:00'),
(28,1,'CEDULA','1129575575','DE LA CRUZ ALCALA PAUL','3004646807','mansivo@gmail.com','','1','0000-00-00 00:00:00','0000-00-00 00:00:00'),
(29,1,'CEDULA','1221975835','DURAN BUELVAS BRANDON JOSE','3125624611','bjdbbrandon@gmail.com','','1','0000-00-00 00:00:00','0000-00-00 00:00:00'),
(30,1,'CEDULA DE EXTRANJERIA','1495618','ELLES MONTES RODOLFO ANDRES ','3017332140','rodolfo.re59@gmail.com','','1','0000-00-00 00:00:00','0000-00-00 00:00:00'),
(31,1,'CEDULA','12622059','FERNANDEZ MARTINEZ ROYCER','3014718410','roycer813@gmail.com','','1','0000-00-00 00:00:00','0000-00-00 00:00:00'),
(32,1,'CEDULA','84454033','FLOREZ VELASQUEZ IVAN DARIO','3043324260 - 4393705','dariflorez89@gmail.com','','1','0000-00-00 00:00:00','0000-00-00 00:00:00'),
(33,1,'CEDULA','1082917860','GONZALEZ CANTILLO LIZETH TATIANA','3233521000','lisethgonzalez383@gmail.com','','1','0000-00-00 00:00:00','0000-00-00 00:00:00'),
(34,1,'CEDULA','1083020172','GONZALEZ NU?ES JOSE ANTONIO','3057583218','JOSEANGONU2212@GMAIL.COM','','0','0000-00-00 00:00:00','0000-00-00 00:00:00'),
(35,1,'CEDULA','1080422496','GUALDRON GRANADOS ALEXA PAOLA','3045407266','alexagualdron99@gmail.com','','1','0000-00-00 00:00:00','0000-00-00 00:00:00'),
(36,1,'CEDULA','1004382427','HERNANDEZ  ALGARIN DIOMEDES DE JESUS','3042178177-3147262848','diomedesh30@gmail.com','','1','0000-00-00 00:00:00','0000-00-00 00:00:00'),
(37,1,'CEDULA','1083435173','HERNANDEZ LOPEZ JHON ESNEIDER','3148643719-3127898778','jhonhernandez0630@gmail.com','','0','0000-00-00 00:00:00','0000-00-00 00:00:00'),
(38,1,'CEDULA','26670424','JIMENEZ CAMARGO LORENA','3022141116','lopajica1314@gmail.com','','1','0000-00-00 00:00:00','0000-00-00 00:00:00'),
(39,1,'CEDULA','1221967870','LATTA LOPEZ AYLEN ARMANDO','3234483834','aylenlatta@hotmail.com','','1','0000-00-00 00:00:00','0000-00-00 00:00:00'),
(40,1,'CEDULA','1081923441','LOPEZ MENDEZ EDGAR MANUEL','3205062137','elopezm94@hotmail.com','','1','0000-00-00 00:00:00','0000-00-00 00:00:00'),
(41,1,'CEDULA','1082832313','LOPEZ NAVARRO JHONY ANDRES','3205100017','jhonyln2003@gmail.com','','1','0000-00-00 00:00:00','0000-00-00 00:00:00'),
(42,1,'CEDULA','7630596','MACHADO NOGOA MELQUICEDET','3015917518','melkis_1234@hotmail.com','','1','0000-00-00 00:00:00','0000-00-00 00:00:00'),
(43,1,'CEDULA','1004361167','MADRID GARCIA JANNY LUCIA','3022630709','jannyluciam@gmail.com','','1','0000-00-00 00:00:00','0000-00-00 00:00:00'),
(44,1,'CEDULA','1221980277','MARTINEZ FLORAISON VALENTINA ','3004353225','valentinafloraison@gmail.com','','0','0000-00-00 00:00:00','0000-00-00 00:00:00'),
(45,1,'CEDULA','8734749','MEJIA MACHADO CLAUDIO ANTONIO','3052364804','darlisdazam1985@gmail.com','','1','0000-00-00 00:00:00','0000-00-00 00:00:00'),
(46,1,'CEDULA','1082868875','MENA BARRIOS ALBERTO NICOLAS','3234566808','almeba20@hotmail.com','','1','0000-00-00 00:00:00','0000-00-00 00:00:00'),
(47,1,'CEDULA','1083035700','MENDIVIL GUTIERREZ JESUS ALBERTO','3016824528','mendi698@hotmail.com','','1','0000-00-00 00:00:00','0000-00-00 00:00:00'),
(48,1,'CEDULA','1083005667','MENDOZA OSPINO ANGY MARCELA','3007492353','angie_marce13@hotmail.com','','1','0000-00-00 00:00:00','0000-00-00 00:00:00'),
(49,1,'CEDULA','6511586','MENDOZA TORRES BRAYAN ENRIQUE','3206312143','brayanenriquemendoza18@gmail.com','','1','0000-00-00 00:00:00','0000-00-00 00:00:00'),
(50,1,'CEDULA','1083555789','NORIEGA MONTERO JOHANNA PAOLA','3023336799 - 3017531876','johannanoriega37@gmail.com','','1','0000-00-00 00:00:00','0000-00-00 00:00:00'),
(51,1,'CEDULA','1082890636','NU?EZ POMBO MILAGRO ISABEL','3028563580','nmilagros227@gmail.com','','1','0000-00-00 00:00:00','0000-00-00 00:00:00'),
(52,1,'CEDULA','1083017889','OROZCO ARZA JESUS ENRIQUE','3043638145','jesusarza25@gmail.com','','1','0000-00-00 00:00:00','0000-00-00 00:00:00'),
(53,1,'CEDULA','1221974129','OROZCO RUIZ ANGIE VANESSA','3005176947 - 3012986852','angiemaju2908@hotmail.com','','1','0000-00-00 00:00:00','0000-00-00 00:00:00'),
(54,1,'CEDULA','1004122671','ORTIZ LOBATO IVAN DAVID','3022364212','sincorreo@sincorreo.com','','1','0000-00-00 00:00:00','0000-00-00 00:00:00'),
(55,1,'CEDULA DE EXTRANJERIA','5777753','PADILLA PALOMARES JESUS OSWALDO','3042271200','yaneliscarolinag@hotmail.com','','1','0000-00-00 00:00:00','0000-00-00 00:00:00'),
(56,1,'CEDULA','57461664','PALLARES MONTA?O JANELLYS ESTHER','','janellys-pallares@hotmail.com','','1','0000-00-00 00:00:00','0000-00-00 00:00:00'),
(57,1,'CEDULA','1083013446','PAREJO SANCHEZ JINETH','3013535370','jineth.12@hotmail.com','jparejo@metropolisdelacosta.com','1','0000-00-00 00:00:00','0000-00-00 00:00:00'),
(58,1,'CEDULA','19590737','PERTUZ OROZCO JULIO CESAR','3023977749','juliopertuz70@outlook.com','','1','0000-00-00 00:00:00','0000-00-00 00:00:00'),
(59,1,'CEDULA','1042445199','PRADA RUEDA PEDRO JAVIER','3157299351','jp_20@hotmail.es','','1','0000-00-00 00:00:00','0000-00-00 00:00:00'),
(60,1,'CEDULA','1221976754','QUINTO CORONADO ANGELICA','3108475774','angelicaquintoc@gmail.com','','1','0000-00-00 00:00:00','0000-00-00 00:00:00'),
(61,1,'CEDULA','1004163505','RACEDO CASTILLO JHOINER SMITH','3244131677','jpenalver201@gmail.com','','1','0000-00-00 00:00:00','0000-00-00 00:00:00'),
(62,1,'CEDULA','1043873947','RICARDO CHARRIS LUIS EDUARDO','322883117','luiseduardorixardo@gmail.com','','1','0000-00-00 00:00:00','0000-00-00 00:00:00'),
(63,1,'NIT MIXTO','1066062659','RINCON ANGARITA YEIDER ALONSO','3202132752','yrinconangarita@gmail.com','','1','0000-00-00 00:00:00','0000-00-00 00:00:00'),
(64,1,'CEDULA','1116665981','RINCON GUTIERREZ JEISSON ANDREY','3106542935 - 3183106778','j.93rincon@gmail.com','','1','0000-00-00 00:00:00','0000-00-00 00:00:00'),
(65,1,'CEDULA','12635912','ROCA LLANOS ALFAR DE JESUS','3003853673','alfarroca2312@gmail.com','','1','0000-00-00 00:00:00','0000-00-00 00:00:00'),
(66,1,'CEDULA','1082913329','RODRIGUEZ VESGA SILVIA','3004140824','silvisjuli@hotmail.es','','1','0000-00-00 00:00:00','0000-00-00 00:00:00'),
(67,1,'CEDULA','84451938','ROMERO URIBE HILDEBRANDO','3013573931','brandoromero0426@gmail.com','','1','0000-00-00 00:00:00','0000-00-00 00:00:00'),
(68,1,'CEDULA','1221968085','SARMIENTO MENDOZA MARLON JOSE','3043667528',' marlonsarmen068@gmail.com','','1','0000-00-00 00:00:00','0000-00-00 00:00:00'),
(69,1,'CEDULA','1097162576','SIERRA PEREZ YOJAN ANDRES','3188151736','yoansierra11@hotmail.com','','1','0000-00-00 00:00:00','0000-00-00 00:00:00'),
(70,1,'CEDULA','1082931929','SIERRA WHITE DIANYS MILETH','3125019365','diannys0929@gmail.com','','1','0000-00-00 00:00:00','0000-00-00 00:00:00'),
(71,1,'CEDULA','56089467','TORRES BOJATO ALVIS MARIA','3042837355','alvis.torres2022@gmail.com','ventasferrecasas@@metropolisdelacosta.com','1','0000-00-00 00:00:00','0000-00-00 00:00:00'),
(72,2,'CEDULA','1083035672','TORRES FONTALVO JONATHAN JOSE','3007140390','torresfontalvo1218@gmail.com','','1','0000-00-00 00:00:00','2023-06-07 10:06:23'),
(73,1,'CEDULA','1083024146','TORRES REYES JUNNINNO ALDAIR','3016574962','esteven465@gmail.com','auxcompras@metropolisdelacosta.com','1','0000-00-00 00:00:00','0000-00-00 00:00:00'),
(74,1,'CEDULA','1235539168','TRIGOS TORRES MIGUEL ANDRES','3014407399','miguelyangely06@gmail.com','','1','0000-00-00 00:00:00','0000-00-00 00:00:00'),
(75,2,'CEDULA','1083032223','VENGAL MULFORD YIRLEY CAROLINA','4349297','yirleyvengal10@gmail.com','yvengal@metropolisdelacosta.com','1','0000-00-00 00:00:00','2023-06-07 09:57:16'),
(76,1,'CEDULA','1082910762','VILLA CA?AS JULIO JOSE','3166363248','julio-0128@hotmail.com','','1','0000-00-00 00:00:00','0000-00-00 00:00:00'),
(77,1,'CEDULA','85489755','VILLALOBOS ARIZA GUSTAVO SEGUNDO','3194414794','tavovillalobos79@gmail.com','','1','0000-00-00 00:00:00','0000-00-00 00:00:00'),
(78,1,'CEDULA','1084729655','YANCY MIRANDA FREDY RAFAEL','3014509474','fredyyancy28@gmail.com','','1','0000-00-00 00:00:00','0000-00-00 00:00:00');

/*Table structure for table `porcentajes` */

DROP TABLE IF EXISTS `porcentajes`;

CREATE TABLE `porcentajes` (
  `id_porcentaje` int(11) NOT NULL AUTO_INCREMENT,
  `por_tipo` varchar(50) NOT NULL,
  `por_mes` float NOT NULL,
  `por_tipR` varchar(50) NOT NULL,
  `por_AID` varchar(50) NOT NULL,
  PRIMARY KEY (`id_porcentaje`)
) ENGINE=InnoDB AUTO_INCREMENT=15 DEFAULT CHARSET=utf8mb4 COLLATE=utf8mb4_general_ci;

/*Data for the table `porcentajes` */

insert  into `porcentajes`(`id_porcentaje`,`por_tipo`,`por_mes`,`por_tipR`,`por_AID`) values 
(1,'VISA DEBITO',0.0174,'VISA','A0000000031010'),
(2,'VISA CREDITO (CR)',0.0174,'VISA','A0000000031010'),
(3,'VISA ELECTRON DEBITO (AH)',0.0177,'VISA','A0000000032010'),
(4,'VISA ELECTRON CREDITO',0.0174,'VISA',''),
(5,'MASTERCARD CREDITO',0.0184,'MASTERCARD',''),
(6,'MAESTRO DEBITO (AH)',0.0166,'MASTERCARD',''),
(7,'MAESTRO CREDITO',0.0184,'MASTERCARD',''),
(8,'AMERICAN EXPRESSS AMEX',0.026,'VISA',''),
(9,'TARJETA EXITO - TUYA',0.025,'EXITO BANCO',''),
(10,'TARJETA OLIMPICA',0.025,'OLIMPICA BANCOLOMBIA',''),
(11,'MASTERCARD DEBITO',0.0184,'MASTERCARD',''),
(12,'VISA DEBIT',0.0175,'VISA',''),
(13,'DINNER CLUB',0,'DAVIVIENDA',''),
(14,'MAESTRO DEBITO (AH) CAJAMAG',0.0184,'MASTERCARD','');

/*Table structure for table `registros` */

DROP TABLE IF EXISTS `registros`;

CREATE TABLE `registros` (
  `id_registro` int(11) NOT NULL AUTO_INCREMENT,
  `id_operador` int(11) NOT NULL,
  `reg_numticket` varchar(50) NOT NULL,
  `reg_tipcuenta` int(11) NOT NULL,
  `reg_tiptar` varchar(50) DEFAULT NULL,
  `reg_valor` float NOT NULL,
  `reg_iva` float NOT NULL,
  `reg_rtefte` decimal(45,4) DEFAULT NULL,
  `reg_rteiva` decimal(45,4) DEFAULT NULL,
  `reg_rteica` decimal(45,4) DEFAULT NULL,
  `reg_comision` decimal(45,4) DEFAULT NULL,
  `reg_tardesc` decimal(45,4) DEFAULT NULL,
  `reg_banco` decimal(45,4) DEFAULT NULL,
  `reg_diferencia` decimal(45,4) DEFAULT NULL,
  `reg_fecope` date NOT NULL,
  `reg_fecupd` timestamp NULL DEFAULT current_timestamp() ON UPDATE current_timestamp(),
  PRIMARY KEY (`id_registro`)
) ENGINE=InnoDB AUTO_INCREMENT=65 DEFAULT CHARSET=utf8mb4 COLLATE=utf8mb4_general_ci;

/*Data for the table `registros` */

insert  into `registros`(`id_registro`,`id_operador`,`reg_numticket`,`reg_tipcuenta`,`reg_tiptar`,`reg_valor`,`reg_iva`,`reg_rtefte`,`reg_rteiva`,`reg_rteica`,`reg_comision`,`reg_tardesc`,`reg_banco`,`reg_diferencia`,`reg_fecope`,`reg_fecupd`) values 
(30,5,'CM01 - 3060',11,'MASTERCARD',800000,0,12000.0000,0.0000,4000.0000,14720.0000,30720.0000,785280.0000,769280.0000,'2023-08-01','2023-08-02 17:31:53'),
(31,5,'CM01 - 3061',2,'VISA',21231,3382,267.7350,507.3000,89.2450,310.5726,1174.8526,20920.4274,20056.1474,'2023-08-01','2023-08-02 17:31:51'),
(32,5,'CM01 - 3062',2,'VISA',214000,34168,2697.4800,5125.2000,899.1600,3129.0768,11850.9168,210870.9232,202149.0832,'2023-08-01','2023-08-02 17:31:50'),
(33,5,'CM01 - 3063',11,'MASTERCARG',290000,46303,3655.4550,6945.4500,1218.4850,4484.0248,16303.4148,285515.9752,273696.5852,'2023-08-01','2023-08-02 17:31:49'),
(34,5,'CM01 - 3064',3,'VISA',3897800,0,58467.0000,0.0000,19489.0000,68991.0600,146947.0600,3828808.9400,3750852.9400,'2023-08-01','2023-08-02 17:31:48'),
(35,5,'CM01 - 3066',5,'MASTERCARD',82800,0,1242.0000,0.0000,414.0000,1523.5200,3179.5200,81276.4800,79620.4800,'2023-08-01','2023-08-02 17:31:46'),
(36,5,'CM01 - 3067',6,'MASTERCARD',657800,105027,8291.5950,15754.0500,2763.8650,9176.0318,35985.5418,648623.9682,621814.4582,'2023-08-01','2023-08-02 17:31:45'),
(37,5,'CM01 - 3068',5,'MASTERCARD',39540,6313,498.4050,946.9500,166.1350,611.3768,2222.8668,38928.6232,37317.1332,'2023-08-01','2023-08-02 17:31:44'),
(38,5,'CM01 - 3069',5,'MASTERCARD',228150,36411,2876.0850,5461.6500,958.6950,3527.9976,12824.4276,224622.0024,215325.5724,'2023-08-01','2023-08-02 17:31:40'),
(39,5,'CM01 - 3070',3,'VISA',106300,16972,1339.9200,2545.8000,446.6400,1581.1056,5913.4656,104718.8944,100386.5344,'2023-08-01','2023-08-02 17:31:39'),
(40,5,'CM01 - 3071',3,'VISA',83461,13317,1052.1600,1997.5500,350.7200,1241.5488,4641.9788,82219.4512,78819.0212,'2023-08-01','2023-08-02 17:31:38'),
(41,5,'CM01 - 3072',11,'MASTERCARD',885000,141303,11155.4550,21195.4500,3718.4850,13684.0248,49753.4148,871315.9752,835246.5852,'2023-08-01','2023-08-02 17:31:37'),
(42,5,'CM01 - 3073',11,'MASTERCARD',18400,2938,231.9300,440.7000,77.3100,284.5008,1034.4408,18115.4992,17365.5592,'2023-08-01','2023-08-02 17:31:36'),
(43,5,'CM01 - 3074',11,'MASTERCARD',898700,143490,11328.1500,21523.5000,3776.0500,13895.8640,50523.5640,884804.1360,848176.4360,'2023-08-01','2023-08-02 17:31:34'),
(44,5,'CM01 - 3075',3,'VISA',51407,8192,648.2250,1228.8000,216.0750,764.9055,2858.0055,50642.0945,48548.9945,'2023-08-01','2023-08-02 17:31:33'),
(45,5,'CM01 - 3076',11,'MASTERCARD',1500000,0,22500.0000,0.0000,7500.0000,27600.0000,57600.0000,1472400.0000,1442400.0000,'2023-08-01','2023-08-02 17:31:30'),
(47,1,'CM01 - 3078',11,'MASTERCARD',49000,7824,617.6400,1173.6000,205.8800,757.6384,2754.7584,48242.3616,46245.2416,'2023-08-01','2023-08-02 17:31:26'),
(49,9,'CM02 - 1934',3,'VISA',19000,3034,239.4900,455.1000,79.8300,282.5982,1057.0182,18717.4018,17942.9818,'2023-08-01','2023-08-02 17:56:33'),
(50,9,'CM02 - 1935',2,'VISA',16600,2650,209.2500,397.5000,69.7500,242.7300,919.2300,16357.2700,15680.7700,'2023-08-01','2023-08-02 17:56:31'),
(51,9,'CM02 - 1936',2,'VISA',14000,2235,176.4750,335.2500,58.8250,204.7110,775.2610,13795.2890,13224.7390,'2023-08-01','2023-08-02 17:56:30'),
(52,9,'CM02 - 1937',3,'VISA',37762,6029,475.9950,904.3500,158.6650,561.6741,2100.6841,37200.3259,35661.3159,'2023-08-01','2023-08-02 17:56:30'),
(53,9,'CM02 - 1938',3,'VISA',18850,3010,237.6000,451.5000,79.2000,280.3680,1048.6680,18569.6320,17801.3320,'2023-08-01','2023-08-02 17:56:29'),
(54,9,'CM02 - 1939',11,'MASTERCARD',64250,6976,859.1100,1046.4000,286.3700,1053.8416,3245.7216,63196.1584,61004.2784,'2023-08-01','2023-08-02 17:56:28'),
(55,9,'CM02 - 1940',11,'MASTERCARD',52800,8430,665.5500,1264.5000,221.8500,816.4080,2968.3080,51983.5920,49831.6920,'2023-08-01','2023-08-02 17:56:28'),
(58,10,'CFC - 1243',3,'VISA',82000,13076,1033.8600,1961.4000,344.6200,1219.9548,4559.8348,80780.0452,77440.1652,'2023-08-01','2023-08-02 18:01:25'),
(59,10,'CFC - 1244',6,'MASTERCARD',290000,0,4350.0000,0.0000,1450.0000,4814.0000,10614.0000,285186.0000,279386.0000,'2023-08-01','2023-08-02 18:01:26'),
(60,10,'CFC - 1245',6,'MASTERCARD',22000,0,330.0000,0.0000,110.0000,365.2000,805.2000,21634.8000,21194.8000,'2023-08-01','2023-08-02 18:01:26'),
(61,10,'CFC - 1246',6,'MASTERCARD',63900,0,958.5000,0.0000,319.5000,1060.7400,2338.7400,62839.2600,61561.2600,'2023-08-01','2023-08-02 18:01:28'),
(62,11,'CBM - 3811',11,'MASTERCARD',1215000,0,18225.0000,0.0000,6075.0000,22356.0000,46656.0000,1192644.0000,1168344.0000,'2023-08-01','2023-08-02 18:05:31'),
(63,11,'CBM - 3812',11,'MASTERCARD',593000,94681,7474.7850,14202.1500,2491.5950,9169.0696,33337.5996,583830.9304,559662.4004,'2023-08-01','2023-08-02 18:05:31'),
(64,11,'CBM - 3813',11,'MASTERCARD',168500,26903,2123.9550,4035.4500,707.9850,2605.3848,9472.7748,165894.6152,159027.2252,'2023-08-01','2023-08-02 18:05:32');

/*Table structure for table `roles` */

DROP TABLE IF EXISTS `roles`;

CREATE TABLE `roles` (
  `id_rol` int(11) NOT NULL AUTO_INCREMENT,
  `rol_nombre` varchar(45) NOT NULL,
  PRIMARY KEY (`id_rol`)
) ENGINE=InnoDB AUTO_INCREMENT=5 DEFAULT CHARSET=utf8 COLLATE=utf8_spanish_ci;

/*Data for the table `roles` */

insert  into `roles`(`id_rol`,`rol_nombre`) values 
(1,'ASESOR'),
(2,'COORDINADOR'),
(3,'SUPERVISOR'),
(4,'ADMINISTRADOR');

/*Table structure for table `sedes` */

DROP TABLE IF EXISTS `sedes`;

CREATE TABLE `sedes` (
  `id_sede` int(11) NOT NULL AUTO_INCREMENT,
  `sed_nombre` varchar(45) DEFAULT NULL,
  `sed_direccion` varchar(45) DEFAULT NULL,
  PRIMARY KEY (`id_sede`)
) ENGINE=InnoDB AUTO_INCREMENT=5 DEFAULT CHARSET=utf8mb4 COLLATE=utf8mb4_general_ci;

/*Data for the table `sedes` */

insert  into `sedes`(`id_sede`,`sed_nombre`,`sed_direccion`) values 
(1,'CERAMICASAS','Calle 17 No. 18 - 61'),
(2,'FERRECASAS','Calle 17 No. 18 - 105'),
(3,'METROPOLIS','Carrera 19 No. 29S - 12 C5'),
(4,'MAYORISTA','Calle 20 No. 30 - 05');

/*Table structure for table `usuarios` */

DROP TABLE IF EXISTS `usuarios`;

CREATE TABLE `usuarios` (
  `id_usuario` int(11) NOT NULL AUTO_INCREMENT,
  `id_operador` int(11) NOT NULL,
  `id_persona` int(11) NOT NULL,
  `id_sede` int(11) DEFAULT NULL,
  `id_area` int(11) NOT NULL,
  `id_rol` int(11) NOT NULL,
  `user_nombre` varchar(45) NOT NULL,
  `user_password` varchar(245) NOT NULL,
  `user_estado` varchar(45) NOT NULL DEFAULT '1',
  `user_fecope` timestamp NOT NULL DEFAULT current_timestamp(),
  `user_fecupt` timestamp NOT NULL DEFAULT current_timestamp() ON UPDATE current_timestamp(),
  PRIMARY KEY (`id_usuario`)
) ENGINE=InnoDB AUTO_INCREMENT=12 DEFAULT CHARSET=utf8 COLLATE=utf8_spanish_ci;

/*Data for the table `usuarios` */

insert  into `usuarios`(`id_usuario`,`id_operador`,`id_persona`,`id_sede`,`id_area`,`id_rol`,`user_nombre`,`user_password`,`user_estado`,`user_fecope`,`user_fecupt`) values 
(1,1,10,3,10,4,'FARRIETA','202cb962ac59075b964b07152d234b70','1','2023-07-05 17:16:54','2023-07-05 17:16:54'),
(2,1,52,3,10,4,'JESUSO','d41d8cd98f00b204e9800998ecf8427e','1','2023-07-07 20:19:06','2023-08-02 13:46:47'),
(3,1,11,3,8,3,'CONSUELOB','d41d8cd98f00b204e9800998ecf8427e','1','2023-07-07 20:19:49','2023-08-02 13:46:40'),
(4,1,75,3,4,2,'YIRLEYV','d41d8cd98f00b204e9800998ecf8427e','1','2023-07-07 20:20:13','2023-08-02 13:46:33'),
(5,1,48,3,1,1,'ANGIEM','202cb962ac59075b964b07152d234b70','1','2023-08-02 09:45:29','2023-08-02 13:49:47'),
(8,1,16,3,4,2,'VALENTINAC','02522a2b2726fb0a03bb19f2d8d9524d','1','2023-08-02 13:46:13','2023-08-02 13:46:13'),
(9,1,26,3,1,1,'DAYANISC','202cb962ac59075b964b07152d234b70','1','2023-08-02 17:29:43','2023-08-02 17:29:43'),
(10,1,53,2,1,1,'ANGIEO','202cb962ac59075b964b07152d234b70','1','2023-08-02 17:58:46','2023-08-02 17:58:46'),
(11,1,35,4,1,1,'ALEXAG','202cb962ac59075b964b07152d234b70','1','2023-08-02 17:59:09','2023-08-02 17:59:09');

/*!40101 SET SQL_MODE=@OLD_SQL_MODE */;
/*!40014 SET FOREIGN_KEY_CHECKS=@OLD_FOREIGN_KEY_CHECKS */;
/*!40014 SET UNIQUE_CHECKS=@OLD_UNIQUE_CHECKS */;
/*!40111 SET SQL_NOTES=@OLD_SQL_NOTES */;
